{
  "accuracy": [
    0.299927294254303,
    0.5262966752052307,
    0.6558409929275513,
    0.75054532289505,
    0.774418294429779,
    0.8018662333488464,
    0.8199830055236816,
    0.8682137727737427,
    0.8743335008621216,
    0.8836645483970642,
    0.8865729570388794,
    0.8913596868515015,
    0.8908749222755432,
    0.8946921825408936,
    0.8976611495018005,
    0.9052956700325012,
    0.9125060439109802,
    0.9178987145423889,
    0.9167474508285522,
    0.9108700752258301,
    0.9243819713592529,
    0.9100823998451233,
    0.9457101225852966,
    0.9457101225852966,
    0.945285975933075,
    0.9451647996902466,
    0.9512239694595337,
    0.948800265789032,
    0.9454071521759033,
    0.9555259346961975,
    0.9633422493934631,
    0.9616456627845764,
    0.9640693068504333,
    0.9645540714263916,
    0.9655234813690186,
    0.9607368111610413,
    0.9641299247741699,
    0.9626151323318481,
    0.9666141271591187,
    0.9665535688400269,
    0.9690378308296204,
    0.9666747450828552,
    0.9672806859016418,
    0.9677653908729553,
    0.96467524766922,
    0.9709161520004272,
    0.9743092656135559,
    0.9754604697227478,
    0.9756422638893127,
    0.9755210876464844
  ],
  "loss": [
    2.7692644596099854,
    1.961122751235962,
    1.5567675828933716,
    1.2684954404830933,
    1.169293761253357,
    1.0738259553909302,
    0.9936729073524475,
    0.8260237574577332,
    0.7801252007484436,
    0.7318848371505737,
    0.7075321674346924,
    0.6777456402778625,
    0.6604669094085693,
    0.6400983333587646,
    0.6287888288497925,
    0.595489501953125,
    0.5655026435852051,
    0.5478696823120117,
    0.53581702709198,
    0.5516228079795837,
    0.5154106616973877,
    0.5654418468475342,
    0.4536152184009552,
    0.4256310760974884,
    0.4162588119506836,
    0.41222724318504333,
    0.3840569853782654,
    0.3834730088710785,
    0.38772085309028625,
    0.3525872528553009,
    0.3248530626296997,
    0.3223242163658142,
    0.31105461716651917,
    0.30229729413986206,
    0.3018738925457001,
    0.30980822443962097,
    0.30190351605415344,
    0.2973620295524597,
    0.282269150018692,
    0.2804475426673889,
    0.27116063237190247,
    0.26888537406921387,
    0.2634103298187256,
    0.26004642248153687,
    0.27033358812332153,
    0.25362861156463623,
    0.2342667281627655,
    0.23202712833881378,
    0.2322111576795578,
    0.23246310651302338
  ],
  "precision": [
    0.5209967494010925,
    0.6667742729187012,
    0.7439523935317993,
    0.806572675704956,
    0.8204177021980286,
    0.8409945964813232,
    0.8556244969367981,
    0.8953592777252197,
    0.89665287733078,
    0.9030502438545227,
    0.906634509563446,
    0.9100088477134705,
    0.9088618755340576,
    0.9118956327438354,
    0.9149190187454224,
    0.9187535047531128,
    0.9253368377685547,
    0.9296063780784607,
    0.9284515380859375,
    0.9232202768325806,
    0.933840811252594,
    0.9227705597877502,
    0.9532520174980164,
    0.9529896378517151,
    0.9518575668334961,
    0.9517990946769714,
    0.9570868015289307,
    0.9546512961387634,
    0.9532124400138855,
    0.9609801173210144,
    0.9678444862365723,
    0.9664404988288879,
    0.9682743549346924,
    0.9692157506942749,
    0.9687004089355469,
    0.9654477834701538,
    0.9677655696868896,
    0.96612548828125,
    0.9700445532798767,
    0.9699944853782654,
    0.9723069667816162,
    0.9698688387870789,
    0.9706850051879883,
    0.9708086848258972,
    0.968151330947876,
    0.9740837812423706,
    0.9768064618110657,
    0.9777913093566895,
    0.9777953624725342,
    0.97742760181427
  ],
  "recall": [
    0.13681532442569733,
    0.3753635585308075,
    0.5608943104743958,
    0.6900145411491394,
    0.7235821485519409,
    0.7582404017448425,
    0.78532475233078,
    0.8440378308296204,
    0.8521570563316345,
    0.8646388649940491,
    0.8660930395126343,
    0.873727560043335,
    0.8743335008621216,
    0.8811197280883789,
    0.8828768730163574,
    0.8914202451705933,
    0.898872971534729,
    0.9057804346084595,
    0.9049926996231079,
    0.9005089402198792,
    0.9142631888389587,
    0.8984488844871521,
    0.9377726316452026,
    0.9396510124206543,
    0.9392268657684326,
    0.9392268657684326,
    0.9459524750709534,
    0.9438924193382263,
    0.9394086003303528,
    0.9505574703216553,
    0.9592825770378113,
    0.9579495787620544,
    0.9597673416137695,
    0.9614638686180115,
    0.9620091915130615,
    0.9582525491714478,
    0.9604943990707397,
    0.9591008424758911,
    0.9634028077125549,
    0.9637057781219482,
    0.9658264517784119,
    0.9634634256362915,
    0.9650387763977051,
    0.96522057056427,
    0.9614638686180115,
    0.9678865671157837,
    0.9722491502761841,
    0.9737033247947693,
    0.9738851189613342,
    0.9734004139900208
  ],
  "top3_acc": [
    0.5719825625419617,
    0.824527382850647,
    0.9154144525527954,
    0.9489215016365051,
    0.9606156349182129,
    0.9683713316917419,
    0.9739457368850708,
    0.9816408157348633,
    0.9850339293479919,
    0.9878817200660706,
    0.9863669276237488,
    0.9869728684425354,
    0.9896994829177856,
    0.9907295107841492,
    0.9893358945846558,
    0.9909718632698059,
    0.9932137727737427,
    0.992789626121521,
    0.992789626121521,
    0.9918807744979858,
    0.9937590956687927,
    0.9906083345413208,
    0.9962433576583862,
    0.9963645339012146,
    0.9968492388725281,
    0.996485710144043,
    0.9968492388725281,
    0.9968492388725281,
    0.9956980347633362,
    0.9975763559341431,
    0.9980005025863647,
    0.9983640313148499,
    0.9985458254814148,
    0.9986063838005066,
    0.9984852075576782,
    0.9979398846626282,
    0.9975157380104065,
    0.9980610609054565,
    0.9986063838005066,
    0.9985458254814148,
    0.9983034133911133,
    0.9986063838005066,
    0.9989093542098999,
    0.9982428550720215,
    0.9983034133911133,
    0.9986670017242432,
    0.9992123246192932,
    0.9990911483764648,
    0.9989699721336365,
    0.9989699721336365
  ],
  "val_accuracy": [
    0.3644315004348755,
    0.6350826025009155,
    0.5665695071220398,
    0.5019436478614807,
    0.6263362765312195,
    0.6773566603660583,
    0.55733722448349,
    0.8396501541137695,
    0.7604470252990723,
    0.8051506280899048,
    0.8241010904312134,
    0.8790087699890137,
    0.7536442875862122,
    0.8095238208770752,
    0.705539345741272,
    0.8464528918266296,
    0.8887268900871277,
    0.827502429485321,
    0.5675413012504578,
    0.6948493719100952,
    0.7230320572853088,
    0.7536442875862122,
    0.8556851148605347,
    0.9169096350669861,
    0.8887268900871277,
    0.8960155248641968,
    0.884353756904602,
    0.8722060322761536,
    0.8882409930229187,
    0.917881429195404,
    0.9290573596954346,
    0.9358600378036499,
    0.9407191276550293,
    0.9125364422798157,
    0.9154518842697144,
    0.9135082364082336,
    0.9489796161651611,
    0.9076773524284363,
    0.9285714030265808,
    0.9237123131752014,
    0.9552963972091675,
    0.9173955321311951,
    0.9295432567596436,
    0.9037901163101196,
    0.9348882436752319,
    0.9295432567596436,
    0.9465500712394714,
    0.933916449546814,
    0.9538387060165405,
    0.934402346611023
  ],